No,MatchName,Sport,Region,Date,Time,Game_Info,Relative_Path,Full_URL
1,"Carmel vs Westfield",Football,"Indiana",08/28/2026,07:00 PM,"The Westfield varsity football team has an away non-conference game @ Carmel (Indiana) on Thursday, August 27 @ 7p.","/in/football/game/carmel-vs-westfield/8-28-2026/?c=fdcdc448-a6c2-4baf-b403-feafb3cfa04c","https://www.maxpreps.com/in/football/game/carmel-vs-westfield/8-28-2026/?c=fdcdc448-a6c2-4baf-b403-feafb3cfa04c"
2,"East Central St Leon vs New Palestine",Football,"Indiana",08/28/2026,07:00 PM,"The New Palestine varsity football team has an away non-conference game @ East Central St Leon (Indiana) on Thursday, August 27 @ 7p.","/in/football/game/east-central-st-leon-vs-new-palestine/8-28-2026/?c=cf671c83-a95a-48bc-9148-c4fadcca6256","https://www.maxpreps.com/in/football/game/east-central-st-leon-vs-new-palestine/8-28-2026/?c=cf671c83-a95a-48bc-9148-c4fadcca6256"
3,"Batesville vs Milan",Football,"Indiana",08/28/2026,07:00 PM,"The Milan varsity football team has an away non-conference game @ Batesville (Indiana) on Thursday, August 27 @ 7p.","/in/football/game/batesville-vs-milan/8-28-2026/?c=e8d24faa-ddb5-44a6-b19a-6431a0d87149","https://www.maxpreps.com/in/football/game/batesville-vs-milan/8-28-2026/?c=e8d24faa-ddb5-44a6-b19a-6431a0d87149"
4,"Evansville Bosse vs Evansville Central",Football,"Indiana",08/28/2026,07:00 PM,"The Evansville Central varsity football team has an away non-conference game @ Evansville Bosse (Indiana) on Thursday, August 27 @ 7p.","/in/football/game/evansville-bosse-vs-evansville-central/8-28-2026/?c=f0df2c6e-942b-4434-8b51-74099c3e7a38","https://www.maxpreps.com/in/football/game/evansville-bosse-vs-evansville-central/8-28-2026/?c=f0df2c6e-942b-4434-8b51-74099c3e7a38"
5,"Castle Newburgh vs Evansville Mater Dei",Football,"Indiana",08/28/2026,07:00 PM,"The Evansville Mater Dei varsity football team has an away non-conference game @ Castle Newburgh (Indiana) on Thursday, August 27 @ 7p.","/in/football/game/castle-newburgh-vs-evansville-mater-dei/8-28-2026/?c=722c78a8-9b03-4439-ade2-62de3037357a","https://www.maxpreps.com/in/football/game/castle-newburgh-vs-evansville-mater-dei/8-28-2026/?c=722c78a8-9b03-4439-ade2-62de3037357a"
6,"Evansville Memorial vs Evansville North",Football,"Indiana",08/28/2026,07:00 PM,"The Evansville North varsity football team has an away non-conference game @ Evansville Memorial (Indiana) on Thursday, August 27 @ 7p.","/in/football/game/evansville-memorial-vs-evansville-north/8-28-2026/?c=809e5ec6-8444-4f71-9d97-9b7d9d54c704","https://www.maxpreps.com/in/football/game/evansville-memorial-vs-evansville-north/8-28-2026/?c=809e5ec6-8444-4f71-9d97-9b7d9d54c704"
7,"Crown Point vs Pike Indianapolis",Football,"Indiana",08/28/2026,07:00 PM,"The Pike Indianapolis varsity football team has an away non-conference game @ Crown Point (Indiana) on Thursday, August 27 @ 7p.","/in/football/game/crown-point-vs-pike-indianapolis/8-28-2026/?c=1cfaed05-5ae9-4ccb-a332-f1ec636be0eb","https://www.maxpreps.com/in/football/game/crown-point-vs-pike-indianapolis/8-28-2026/?c=1cfaed05-5ae9-4ccb-a332-f1ec636be0eb"
8,"Knox vs Pioneer Royal Center",Football,"Indiana",08/28/2026,07:00 PM,"The Pioneer Royal Center varsity football team has an away non-conference game @ Knox (Indiana) on Thursday, August 27 @ 7p.","/in/football/game/knox-vs-pioneer-royal-center/8-28-2026/?c=08da41cd-6153-4a9b-b49d-ebed6ccb106a","https://www.maxpreps.com/in/football/game/knox-vs-pioneer-royal-center/8-28-2026/?c=08da41cd-6153-4a9b-b49d-ebed6ccb106a"
9,"Lafayette Jefferson vs Merrillville",Football,"Indiana",08/28/2026,07:00 PM,"The Merrillville varsity football team has an away non-conference game @ Lafayette Jefferson (Indiana) on Thursday, August 27 @ 7p.","/in/football/game/lafayette-jefferson-vs-merrillville/8-28-2026/?c=9aca682a-4e88-4557-a950-bdb3bfc01dfd","https://www.maxpreps.com/in/football/game/lafayette-jefferson-vs-merrillville/8-28-2026/?c=9aca682a-4e88-4557-a950-bdb3bfc01dfd"
10,"New Prairie New Carlisle vs Northwood Nappanee",Football,"Indiana",08/28/2026,07:00 PM,"The Northwood Nappanee varsity football team has an away non-conference game @ New Prairie New Carlisle (Indiana) on Thursday, August 27 @ 7p.","/in/football/game/new-prairie-new-carlisle-vs-northwood-nappanee/8-28-2026/?c=8ed9d04e-a0c7-4c82-a37f-20b392c51c24","https://www.maxpreps.com/in/football/game/new-prairie-new-carlisle-vs-northwood-nappanee/8-28-2026/?c=8ed9d04e-a0c7-4c82-a37f-20b392c51c24"
11,"Northeastern Fountain City vs Shenandoah Middletown",Football,"Indiana",08/28/2026,07:00 PM,"The Shenandoah Middletown varsity football team has an away non-conference game @ Northeastern Fountain City (Indiana) on Thursday, August 27 @ 7p.","/in/football/game/northeastern-fountain-city-vs-shenandoah-middletown/8-28-2026/?c=269b0784-6b01-4249-97b7-8f68f736dbe3","https://www.maxpreps.com/in/football/game/northeastern-fountain-city-vs-shenandoah-middletown/8-28-2026/?c=269b0784-6b01-4249-97b7-8f68f736dbe3"
12,"Southridge Huntingburg vs Washington Hatch",Football,"Indiana",08/28/2026,07:00 PM,"The Washington Hatch varsity football team has an away non-conference game @ Southridge Huntingburg (Indiana) on Thursday, August 27 @ 7p.","/in/football/game/southridge-huntingburg-vs-washington-hatch/8-28-2026/?c=460ff4e9-f775-45c9-a941-9a1a53d44079","https://www.maxpreps.com/in/football/game/southridge-huntingburg-vs-washington-hatch/8-28-2026/?c=460ff4e9-f775-45c9-a941-9a1a53d44079"
13,"Clinton Central Michigantown vs Faith Christian Lafayette",Football,"Indiana",08/28/2026,07:00 PM,"The Faith Christian Lafayette varsity football team has an away non-conference game @ Clinton Central Michigantown (Indiana) on Thursday, August 27 @ 7p.","/in/football/game/clinton-central-michigantown-vs-faith-christian-lafayette/8-28-2026/?c=303400e0-2554-4d9a-ae50-a7c188d26d93","https://www.maxpreps.com/in/football/game/clinton-central-michigantown-vs-faith-christian-lafayette/8-28-2026/?c=303400e0-2554-4d9a-ae50-a7c188d26d93"
14,"Bloomington South vs Martinsville",Football,"Indiana",08/28/2026,07:00 PM,"The Martinsville varsity football team has an away non-conference game @ Bloomington South (Indiana) on Thursday, August 27 @ 7p.","/in/football/game/bloomington-south-vs-martinsville/8-28-2026/?c=96be9500-9f1e-4d71-81a7-7bfe19e9c0f3","https://www.maxpreps.com/in/football/game/bloomington-south-vs-martinsville/8-28-2026/?c=96be9500-9f1e-4d71-81a7-7bfe19e9c0f3"
15,"Goshen vs South Bend Washington",Football,"Indiana",08/28/2026,07:00 PM,"The South Bend Washington varsity football team has an away non-conference game @ Goshen (Indiana) on Thursday, August 27 @ 7p.","/in/football/game/goshen-vs-south-bend-washington/8-28-2026/?c=c9f4afb3-b473-4216-ab70-caaf2c95fdc3","https://www.maxpreps.com/in/football/game/goshen-vs-south-bend-washington/8-28-2026/?c=c9f4afb3-b473-4216-ab70-caaf2c95fdc3"
16,"Heritage Christian Indianapolis vs Indian Creek Trafalgar",Football,"Indiana",08/28/2026,07:00 PM,"The Indian Creek Trafalgar varsity football team has an away non-conference game @ Heritage Christian Indianapolis (Indiana) on Thursday, August 27 @ 7p.","/in/football/game/heritage-christian-indianapolis-vs-indian-creek-trafalgar/8-28-2026/?c=44a0a278-578d-427c-b1b6-b8ca13744b87","https://www.maxpreps.com/in/football/game/heritage-christian-indianapolis-vs-indian-creek-trafalgar/8-28-2026/?c=44a0a278-578d-427c-b1b6-b8ca13744b87"
17,"Hanover Central Cedar Lake vs Lake Central St John",Football,"Indiana",08/28/2026,07:00 PM,"The Lake Central St John varsity football team has an away non-conference game @ Hanover Central Cedar Lake (Indiana) on Thursday, August 27 @ 7p.","/in/football/game/hanover-central-cedar-lake-vs-lake-central-st-john/8-28-2026/?c=4505783d-e827-46c4-a68b-75d85becf446","https://www.maxpreps.com/in/football/game/hanover-central-cedar-lake-vs-lake-central-st-john/8-28-2026/?c=4505783d-e827-46c4-a68b-75d85becf446"
18,"Brown County Nashville vs Crawford County Marengo",Football,"Indiana",08/28/2026,07:00 PM,"The Crawford County Marengo varsity football team has an away non-conference game @ Brown County Nashville (Indiana) on Thursday, August 27 @ 7p.","/in/football/game/brown-county-nashville-vs-crawford-county-marengo/8-28-2026/?c=0bcc520f-6ad5-4cb8-8108-561b92aef321","https://www.maxpreps.com/in/football/game/brown-county-nashville-vs-crawford-county-marengo/8-28-2026/?c=0bcc520f-6ad5-4cb8-8108-561b92aef321"
19,"Fort Wayne North Side vs New Haven",Football,"Indiana",08/28/2026,07:00 PM,"The New Haven varsity football team has an away non-conference game @ Fort Wayne North Side (Indiana) on Thursday, August 27 @ 7p.","/in/football/game/fort-wayne-north-side-vs-new-haven/8-28-2026/?c=4e11119e-2182-40e9-b7b1-e9958dbe63cf","https://www.maxpreps.com/in/football/game/fort-wayne-north-side-vs-new-haven/8-28-2026/?c=4e11119e-2182-40e9-b7b1-e9958dbe63cf"
20,"Benton Central Oxford vs Seeger West Lebanon",Football,"Indiana",08/28/2026,07:00 PM,"The Seeger West Lebanon varsity football team has an away non-conference game @ Benton Central Oxford (Indiana) on Thursday, August 27 @ 7p.","/in/football/game/benton-central-oxford-vs-seeger-west-lebanon/8-28-2026/?c=9c8ea50c-1dad-438e-8dd2-12b12111925b","https://www.maxpreps.com/in/football/game/benton-central-oxford-vs-seeger-west-lebanon/8-28-2026/?c=9c8ea50c-1dad-438e-8dd2-12b12111925b"
21,"Mooresville vs Terre Haute North Vigo",Football,"Indiana",08/28/2026,07:00 PM,"The Terre Haute North Vigo varsity football team has an away non-conference game @ Mooresville (Indiana) on Thursday, August 27 @ 7p.","/in/football/game/mooresville-vs-terre-haute-north-vigo/8-28-2026/?c=01b79706-080b-40f2-a94e-794d52ce847a","https://www.maxpreps.com/in/football/game/mooresville-vs-terre-haute-north-vigo/8-28-2026/?c=01b79706-080b-40f2-a94e-794d52ce847a"
22,"Angola vs Dekalb Waterloo",Football,"Indiana",08/28/2026,07:00 PM,"The Dekalb Waterloo varsity football team has an away non-conference game @ Angola (Indiana) on Thursday, August 27 @ 7p.","/in/football/game/angola-vs-dekalb-waterloo/8-28-2026/?c=93ea173b-5368-40a6-98f5-dfec8b09bd9d","https://www.maxpreps.com/in/football/game/angola-vs-dekalb-waterloo/8-28-2026/?c=93ea173b-5368-40a6-98f5-dfec8b09bd9d"
23,"Calumet Christian Griffith vs Purdue Poly Englewood Indianapolis",Football,"Indiana",08/28/2026,07:00 PM,"The Purdue Poly Englewood Indianapolis varsity football team has an away non-conference game @ Calumet Christian Griffith (Indiana) on Thursday, August 27 @ 7p.","/in/football/game/calumet-christian-griffith-vs-purdue-poly-englewood-indianapolis/8-28-2026/?c=b7840b3e-b5d5-4bb4-be6a-f249308e38bc","https://www.maxpreps.com/in/football/game/calumet-christian-griffith-vs-purdue-poly-englewood-indianapolis/8-28-2026/?c=b7840b3e-b5d5-4bb4-be6a-f249308e38bc"
24,"Fairfield Goshen vs Glenn Walkerton",Football,"Indiana",08/28/2026,07:00 PM,"The Glenn Walkerton varsity football team has an away non-conference game @ Fairfield Goshen (Indiana) on Thursday, August 27 @ 7p.","/in/football/game/fairfield-goshen-vs-glenn-walkerton/8-28-2026/?c=099f5448-129b-43fd-8253-cd3164b2b16b","https://www.maxpreps.com/in/football/game/fairfield-goshen-vs-glenn-walkerton/8-28-2026/?c=099f5448-129b-43fd-8253-cd3164b2b16b"
25,"Hamilton Southeastern Fishers vs North Central Indianapolis",Football,"Indiana",08/28/2026,07:00 PM,"The North Central Indianapolis varsity football team has an away non-conference game @ Hamilton Southeastern Fishers (Indiana) on Thursday, August 27 @ 7p.","/in/football/game/hamilton-southeastern-fishers-vs-north-central-indianapolis/8-28-2026/?c=38f5a219-6ba9-4ec3-942f-65b8a3aae30b","https://www.maxpreps.com/in/football/game/hamilton-southeastern-fishers-vs-north-central-indianapolis/8-28-2026/?c=38f5a219-6ba9-4ec3-942f-65b8a3aae30b"
26,"Hobart vs Portage",Football,"Indiana",08/28/2026,07:00 PM,"The Portage varsity football team has an away non-conference game @ Hobart (Indiana) on Thursday, August 27 @ 7p.","/in/football/game/hobart-vs-portage/8-28-2026/?c=932021b3-fbf9-4093-a63c-b2d60bd1d2e3","https://www.maxpreps.com/in/football/game/hobart-vs-portage/8-28-2026/?c=932021b3-fbf9-4093-a63c-b2d60bd1d2e3"
27,"North Montgomery Crawfordsville vs Western Russiaville",Football,"Indiana",08/28/2026,07:00 PM,"The Western Russiaville varsity football team has an away non-conference game @ North Montgomery Crawfordsville (Indiana) on Thursday, August 27 @ 7p.","/in/football/game/north-montgomery-crawfordsville-vs-western-russiaville/8-28-2026/?c=8abff783-0414-4390-8b8b-dca408d1890a","https://www.maxpreps.com/in/football/game/north-montgomery-crawfordsville-vs-western-russiaville/8-28-2026/?c=8abff783-0414-4390-8b8b-dca408d1890a"
28,"Madison Grant Fairmount vs Southwood Wabash",Football,"Indiana",08/28/2026,07:00 PM,"The Southwood Wabash varsity football team has an away non-conference game @ Madison Grant Fairmount (Indiana) on Thursday, August 27 @ 7p.","/in/football/game/madison-grant-fairmount-vs-southwood-wabash/8-28-2026/?c=cc75fa03-732c-4143-ba56-c6ba697325c6","https://www.maxpreps.com/in/football/game/madison-grant-fairmount-vs-southwood-wabash/8-28-2026/?c=cc75fa03-732c-4143-ba56-c6ba697325c6"
29,"Jennings County North Vernon vs Madison",Football,"Indiana",08/28/2026,07:00 PM,"The Madison varsity football team has an away non-conference game @ Jennings County North Vernon (Indiana) on Thursday, August 27 @ 7p.","/in/football/game/jennings-county-north-vernon-vs-madison/8-28-2026/?c=f5633779-dedd-492e-95c4-7aa11eb466f6","https://www.maxpreps.com/in/football/game/jennings-county-north-vernon-vs-madison/8-28-2026/?c=f5633779-dedd-492e-95c4-7aa11eb466f6"
30,"Covenant Christian Indianapolis vs Indianapolis Shortridge",Football,"Indiana",08/28/2026,07:00 PM,"The Indianapolis Shortridge varsity football team has an away non-conference game @ Covenant Christian Indianapolis (Indiana) on Thursday, August 27 @ 7p.","/in/football/game/covenant-christian-indianapolis-vs-indianapolis-shortridge/8-28-2026/?c=b336a59d-303f-4aab-84f1-35a9d5f7b31a","https://www.maxpreps.com/in/football/game/covenant-christian-indianapolis-vs-indianapolis-shortridge/8-28-2026/?c=b336a59d-303f-4aab-84f1-35a9d5f7b31a"
31,"North Harrison Ramsey vs Scottsburg",Football,"Indiana",08/28/2026,07:00 PM,"The Scottsburg varsity football team has an away non-conference game @ North Harrison Ramsey (Indiana) on Thursday, August 27 @ 7p.","/in/football/game/north-harrison-ramsey-vs-scottsburg/8-28-2026/?c=fd057b7b-c978-4306-b2dc-608a1a171082","https://www.maxpreps.com/in/football/game/north-harrison-ramsey-vs-scottsburg/8-28-2026/?c=fd057b7b-c978-4306-b2dc-608a1a171082"
32,"North Miami Denver vs Taylor Kokomo",Football,"Indiana",08/28/2026,07:00 PM,"The Taylor Kokomo varsity football team has an away non-conference game @ North Miami Denver (Indiana) on Thursday, August 27 @ 7p.","/in/football/game/north-miami-denver-vs-taylor-kokomo/8-28-2026/?c=d325f960-c371-401d-aeb7-0014375e9300","https://www.maxpreps.com/in/football/game/north-miami-denver-vs-taylor-kokomo/8-28-2026/?c=d325f960-c371-401d-aeb7-0014375e9300"
33,"Manchester North Manchester vs Tipton",Football,"Indiana",08/28/2026,07:00 PM,"The Tipton varsity football team has an away non-conference game @ Manchester North Manchester (Indiana) on Thursday, August 27 @ 7p.","/in/football/game/manchester-north-manchester-vs-tipton/8-28-2026/?c=c98c2c56-a1a2-4049-8ec7-cf40b255b728","https://www.maxpreps.com/in/football/game/manchester-north-manchester-vs-tipton/8-28-2026/?c=c98c2c56-a1a2-4049-8ec7-cf40b255b728"
34,"Elwood vs Tri Central Sharpsville",Football,"Indiana",08/28/2026,07:00 PM,"The Tri Central Sharpsville varsity football team has an away non-conference game @ Elwood (Indiana) on Thursday, August 27 @ 7p.","/in/football/game/elwood-vs-tri-central-sharpsville/8-28-2026/?c=fe5e2f27-c8f0-4139-a10b-2f217f6e7226","https://www.maxpreps.com/in/football/game/elwood-vs-tri-central-sharpsville/8-28-2026/?c=fe5e2f27-c8f0-4139-a10b-2f217f6e7226"
35,"Kokomo vs Terre Haute South Vigo",Football,"Indiana",08/28/2026,07:00 PM,"The Terre Haute South Vigo varsity football team has an away non-conference game @ Kokomo (Indiana) on Thursday, August 27 @ 7p.","/in/football/game/kokomo-vs-terre-haute-south-vigo/8-28-2026/?c=68300423-83e0-42ef-bae8-49ae60372909","https://www.maxpreps.com/in/football/game/kokomo-vs-terre-haute-south-vigo/8-28-2026/?c=68300423-83e0-42ef-bae8-49ae60372909"
36,"Franklin Community vs Greenwood",Football,"Indiana",08/28/2026,07:00 PM,"The Greenwood varsity football team has an away non-conference game @ Franklin Community (Indiana) on Thursday, August 27 @ 7p.","/in/football/game/franklin-community-vs-greenwood/8-28-2026/?c=a8491d10-274a-4f4c-bb32-3f04d819299e","https://www.maxpreps.com/in/football/game/franklin-community-vs-greenwood/8-28-2026/?c=a8491d10-274a-4f4c-bb32-3f04d819299e"
37,"Culver Academies vs Mishawaka Marian",Football,"Indiana",08/28/2026,07:00 PM,"The Mishawaka Marian varsity football team has an away non-conference game @ Culver Academies (Indiana) on Thursday, August 27 @ 7p.","/in/football/game/culver-academies-vs-mishawaka-marian/8-28-2026/?c=cd28be2e-b03c-465b-8518-3f58307f06f9","https://www.maxpreps.com/in/football/game/culver-academies-vs-mishawaka-marian/8-28-2026/?c=cd28be2e-b03c-465b-8518-3f58307f06f9"
38,"East Chicago Central vs Gary West Side",Football,"Indiana",08/28/2026,07:00 PM,"The Gary West Side varsity football team has an away non-conference game @ East Chicago Central (Indiana) on Thursday, August 27 @ 7p.","/in/football/game/east-chicago-central-vs-gary-west-side/8-28-2026/?c=095e28bb-45dc-4ace-802c-5c9360cf8412","https://www.maxpreps.com/in/football/game/east-chicago-central-vs-gary-west-side/8-28-2026/?c=095e28bb-45dc-4ace-802c-5c9360cf8412"
39,"Eastbrook Marion vs Fort Wayne Concordia Lutheran",Football,"Indiana",08/28/2026,07:00 PM,"The Fort Wayne Concordia Lutheran varsity football team has an away non-conference game @ Eastbrook Marion (Indiana) on Thursday, August 27 @ 7p.","/in/football/game/eastbrook-marion-vs-fort-wayne-concordia-lutheran/8-28-2026/?c=bee24e32-d432-43b2-9b79-5908cdacf427","https://www.maxpreps.com/in/football/game/eastbrook-marion-vs-fort-wayne-concordia-lutheran/8-28-2026/?c=bee24e32-d432-43b2-9b79-5908cdacf427"
40,"Fort Wayne Northrop vs Warsaw",Football,"Indiana",08/28/2026,07:00 PM,"The Warsaw varsity football team has an away non-conference game @ Fort Wayne Northrop (Indiana) on Thursday, August 27 @ 7p.","/in/football/game/fort-wayne-northrop-vs-warsaw/8-28-2026/?c=2741b93c-e2f0-4cef-a3f7-8f1ec340275c","https://www.maxpreps.com/in/football/game/fort-wayne-northrop-vs-warsaw/8-28-2026/?c=2741b93c-e2f0-4cef-a3f7-8f1ec340275c"
41,"Connersville vs Franklin County Brookville",Football,"Indiana",08/28/2026,07:00 PM,"The Franklin County Brookville varsity football team has an away non-conference game @ Connersville (Indiana) on Thursday, August 27 @ 7p.","/in/football/game/connersville-vs-franklin-county-brookville/8-28-2026/?c=36c1bb1b-98b6-43b5-9f6b-18423c31cdbc","https://www.maxpreps.com/in/football/game/connersville-vs-franklin-county-brookville/8-28-2026/?c=36c1bb1b-98b6-43b5-9f6b-18423c31cdbc"
42,"Jay County Portland vs New Castle",Football,"Indiana",08/28/2026,07:00 PM,"The New Castle varsity football team has an away non-conference game @ Jay County Portland (Indiana) on Thursday, August 27 @ 7p.","/in/football/game/jay-county-portland-vs-new-castle/8-28-2026/?c=05152989-61e0-4de9-a73e-ab4c20994c78","https://www.maxpreps.com/in/football/game/jay-county-portland-vs-new-castle/8-28-2026/?c=05152989-61e0-4de9-a73e-ab4c20994c78"
43,"Cambridge City Lincoln vs Union County Liberty",Football,"Indiana",08/28/2026,07:00 PM,"The Union County Liberty varsity football team has an away non-conference game @ Cambridge City Lincoln (Indiana) on Thursday, August 27 @ 7p.","/in/football/game/cambridge-city-lincoln-vs-union-county-liberty/8-28-2026/?c=0849e986-df51-4b65-b443-cb168f1cf84a","https://www.maxpreps.com/in/football/game/cambridge-city-lincoln-vs-union-county-liberty/8-28-2026/?c=0849e986-df51-4b65-b443-cb168f1cf84a"
44,"Alexandria Monroe vs Sheridan",Football,"Indiana",08/28/2026,07:00 PM,"The Sheridan varsity football team has an away non-conference game @ Alexandria Monroe (Indiana) on Thursday, August 27 @ 7p.","/in/football/game/alexandria-monroe-vs-sheridan/8-28-2026/?c=a88df145-200b-4edb-aedf-8fc38f9e58de","https://www.maxpreps.com/in/football/game/alexandria-monroe-vs-sheridan/8-28-2026/?c=a88df145-200b-4edb-aedf-8fc38f9e58de"
45,"Corydon Central vs Paoli",Football,"Indiana",08/28/2026,07:00 PM,"The Paoli varsity football team has an away non-conference game @ Corydon Central (Indiana) on Thursday, August 27 @ 7p.","/in/football/game/corydon-central-vs-paoli/8-28-2026/?c=7ea6c7a9-3c5f-4fde-abba-925170c847fc","https://www.maxpreps.com/in/football/game/corydon-central-vs-paoli/8-28-2026/?c=7ea6c7a9-3c5f-4fde-abba-925170c847fc"
46,"Rochester vs Tippecanoe Valley Akron",Football,"Indiana",08/28/2026,07:00 PM,"The Tippecanoe Valley Akron varsity football team has an away non-conference game @ Rochester (Indiana) on Thursday, August 27 @ 7p.","/in/football/game/rochester-vs-tippecanoe-valley-akron/8-28-2026/?c=65a219b6-4127-4666-b10c-a86bfc7a6bb9","https://www.maxpreps.com/in/football/game/rochester-vs-tippecanoe-valley-akron/8-28-2026/?c=65a219b6-4127-4666-b10c-a86bfc7a6bb9"
47,"Salem vs Silver Creek Sellersburg",Football,"Indiana",08/28/2026,07:00 PM,"The Silver Creek Sellersburg varsity football team has an away non-conference game @ Salem (Indiana) on Thursday, August 27 @ 7p.","/in/football/game/salem-vs-silver-creek-sellersburg/8-28-2026/?c=069c8729-7a67-4c43-b546-ff46b9005fcc","https://www.maxpreps.com/in/football/game/salem-vs-silver-creek-sellersburg/8-28-2026/?c=069c8729-7a67-4c43-b546-ff46b9005fcc"
48,"Wawasee Syracuse vs West Noble Ligonier",Football,"Indiana",08/28/2026,07:00 PM,"The West Noble Ligonier varsity football team has an away non-conference game @ Wawasee Syracuse (Indiana) on Thursday, August 27 @ 7p.","/in/football/game/wawasee-syracuse-vs-west-noble-ligonier/8-28-2026/?c=2a7aaa9c-bdbc-4c08-aea6-882b6c27344d","https://www.maxpreps.com/in/football/game/wawasee-syracuse-vs-west-noble-ligonier/8-28-2026/?c=2a7aaa9c-bdbc-4c08-aea6-882b6c27344d"
49,"South Dearborn Aurora vs Switzerland County Vevay",Football,"Indiana",08/28/2026,07:00 PM,"The Switzerland County Vevay varsity football team has an away non-conference game @ South Dearborn Aurora (Indiana) on Thursday, August 27 @ 7p.","/in/football/game/south-dearborn-aurora-vs-switzerland-county-vevay/8-28-2026/?c=463f4b99-9694-41c1-8dee-f590e37a3e82","https://www.maxpreps.com/in/football/game/south-dearborn-aurora-vs-switzerland-county-vevay/8-28-2026/?c=463f4b99-9694-41c1-8dee-f590e37a3e82"
50,"Griffith vs Munster",Football,"Indiana",08/28/2026,07:00 PM,"The Munster varsity football team has an away non-conference game @ Griffith (Indiana) on Thursday, August 27 @ 7p.","/in/football/game/griffith-vs-munster/8-28-2026/?c=4afca407-87ff-4206-974f-ce0c25c043dd","https://www.maxpreps.com/in/football/game/griffith-vs-munster/8-28-2026/?c=4afca407-87ff-4206-974f-ce0c25c043dd"
51,"Fishers vs Lawrence North Indianapolis",Football,"Indiana",08/28/2026,07:00 PM,"The Lawrence North Indianapolis varsity football team has an away non-conference game @ Fishers (Indiana) on Thursday, August 27 @ 7p.","/in/football/game/fishers-vs-lawrence-north-indianapolis/8-28-2026/?c=9867699a-07bd-41f2-b27b-4ef0137da10b","https://www.maxpreps.com/in/football/game/fishers-vs-lawrence-north-indianapolis/8-28-2026/?c=9867699a-07bd-41f2-b27b-4ef0137da10b"
52,"Guerin Catholic Noblesville vs Pendleton Heights",Football,"Indiana",08/28/2026,07:00 PM,"The Pendleton Heights varsity football team has an away non-conference game @ Guerin Catholic Noblesville (Indiana) on Thursday, August 27 @ 7p.","/in/football/game/guerin-catholic-noblesville-vs-pendleton-heights/8-28-2026/?c=6b14d2b2-900d-4339-9943-115c1e52bb58","https://www.maxpreps.com/in/football/game/guerin-catholic-noblesville-vs-pendleton-heights/8-28-2026/?c=6b14d2b2-900d-4339-9943-115c1e52bb58"
53,"Avon vs Ben Davis Indianapolis",Football,"Indiana",08/28/2026,07:00 PM,"The Ben Davis Indianapolis varsity football team has an away non-conference game @ Avon (Indiana) on Thursday, August 27 @ 7p.","/in/football/game/avon-vs-ben-davis-indianapolis/8-28-2026/?c=f0cfa918-d556-434e-91fb-ae51a8369cb8","https://www.maxpreps.com/in/football/game/avon-vs-ben-davis-indianapolis/8-28-2026/?c=f0cfa918-d556-434e-91fb-ae51a8369cb8"
54,"Carroll Flora vs Maconaquah Bunker Hill",Football,"Indiana",08/28/2026,07:00 PM,"The Maconaquah Bunker Hill varsity football team has an away non-conference game @ Carroll Flora (Indiana) on Thursday, August 27 @ 7p.","/in/football/game/carroll-flora-vs-maconaquah-bunker-hill/8-28-2026/?c=63fee10c-5c07-4b16-a61c-af305f7e8949","https://www.maxpreps.com/in/football/game/carroll-flora-vs-maconaquah-bunker-hill/8-28-2026/?c=63fee10c-5c07-4b16-a61c-af305f7e8949"
55,"Greensburg vs South Decatur Greensburg",Football,"Indiana",08/28/2026,07:00 PM,"The South Decatur Greensburg varsity football team has an away non-conference game @ Greensburg (Indiana) on Thursday, August 27 @ 7p.","/in/football/game/greensburg-vs-south-decatur-greensburg/8-28-2026/?c=0cb81f3c-a6cc-4d85-9753-53f69c39a12d","https://www.maxpreps.com/in/football/game/greensburg-vs-south-decatur-greensburg/8-28-2026/?c=0cb81f3c-a6cc-4d85-9753-53f69c39a12d"
56,"Crawfordsville vs Fountain Central Veedersburg",Football,"Indiana",08/28/2026,07:00 PM,"The Fountain Central Veedersburg varsity football team has an away non-conference game @ Crawfordsville (Indiana) on Thursday, August 27 @ 7p.","/in/football/game/crawfordsville-vs-fountain-central-veedersburg/8-28-2026/?c=dd1e5821-239d-4ccc-bb7a-74c16cc37f7a","https://www.maxpreps.com/in/football/game/crawfordsville-vs-fountain-central-veedersburg/8-28-2026/?c=dd1e5821-239d-4ccc-bb7a-74c16cc37f7a"
57,"La Porte vs Lowell",Football,"Indiana",08/28/2026,07:00 PM,"The Lowell varsity football team has an away non-conference game @ La Porte (Indiana) on Thursday, August 27 @ 7p.","/in/football/game/la-porte-vs-lowell/8-28-2026/?c=6423b287-3e15-4d76-a91a-06a64108629b","https://www.maxpreps.com/in/football/game/la-porte-vs-lowell/8-28-2026/?c=6423b287-3e15-4d76-a91a-06a64108629b"
58,"Rushville vs Shelbyville",Football,"Indiana",08/28/2026,07:00 PM,"The Shelbyville varsity football team has an away non-conference game @ Rushville (Indiana) on Thursday, August 27 @ 7p.","/in/football/game/rushville-vs-shelbyville/8-28-2026/?c=3fcc481e-8542-42ac-a310-84787a3daf60","https://www.maxpreps.com/in/football/game/rushville-vs-shelbyville/8-28-2026/?c=3fcc481e-8542-42ac-a310-84787a3daf60"
59,"Lebanon vs Western Boone Thorntown",Football,"Indiana",08/28/2026,07:00 PM,"The Western Boone Thorntown varsity football team has an away non-conference game @ Lebanon (Indiana) on Thursday, August 27 @ 7p.","/in/football/game/lebanon-vs-western-boone-thorntown/8-28-2026/?c=e5a88c0f-6a22-4264-972a-5562136af21f","https://www.maxpreps.com/in/football/game/lebanon-vs-western-boone-thorntown/8-28-2026/?c=e5a88c0f-6a22-4264-972a-5562136af21f"
60,"Mishawaka vs Penn Mishawaka",Football,"Indiana",08/28/2026,07:00 PM,"The Penn Mishawaka varsity football team has an away non-conference game @ Mishawaka (Indiana) on Thursday, August 27 @ 7p.","/in/football/game/mishawaka-vs-penn-mishawaka/8-28-2026/?c=21503d9a-7aa8-47d8-9a18-3ab47d175e5d","https://www.maxpreps.com/in/football/game/mishawaka-vs-penn-mishawaka/8-28-2026/?c=21503d9a-7aa8-47d8-9a18-3ab47d175e5d"
61,"Boonville vs Mt Vernon",Football,"Indiana",08/28/2026,07:00 PM,"The Mt Vernon varsity football team has an away non-conference game @ Boonville (Indiana) on Thursday, August 27 @ 7p.","/in/football/game/boonville-vs-mt-vernon/8-28-2026/?c=4337d9ce-99b3-483f-8744-3dc30fceff6a","https://www.maxpreps.com/in/football/game/boonville-vs-mt-vernon/8-28-2026/?c=4337d9ce-99b3-483f-8744-3dc30fceff6a"
62,"Columbia City vs Northridge Middlebury",Football,"Indiana",08/28/2026,07:00 PM,"The Northridge Middlebury varsity football team has an away non-conference game @ Columbia City (Indiana) on Thursday, August 27 @ 7p.","/in/football/game/columbia-city-vs-northridge-middlebury/8-28-2026/?c=5e7144a8-581b-44c9-9ba1-3fb504dd93d1","https://www.maxpreps.com/in/football/game/columbia-city-vs-northridge-middlebury/8-28-2026/?c=5e7144a8-581b-44c9-9ba1-3fb504dd93d1"
63,"Marion vs Mississinewa Gas City",Football,"Indiana",08/28/2026,07:00 PM,"The Mississinewa Gas City varsity football team has an away non-conference game @ Marion (Indiana) on Thursday, August 27 @ 7p.","/in/football/game/marion-vs-mississinewa-gas-city/8-28-2026/?c=0d248b28-115c-41f0-aadb-3753e889bad8","https://www.maxpreps.com/in/football/game/marion-vs-mississinewa-gas-city/8-28-2026/?c=0d248b28-115c-41f0-aadb-3753e889bad8"
64,"Monroe Central Parker City vs Union City",Football,"Indiana",08/28/2026,07:00 PM,"The Union City varsity football team has an away non-conference game @ Monroe Central Parker City (Indiana) on Thursday, August 27 @ 7p.","/in/football/game/monroe-central-parker-city-vs-union-city/8-28-2026/?c=4c6b7e05-d452-435a-a799-3647d0f65471","https://www.maxpreps.com/in/football/game/monroe-central-parker-city-vs-union-city/8-28-2026/?c=4c6b7e05-d452-435a-a799-3647d0f65471"
65,"North Posey Poseyville vs Tecumseh Lynnville",Football,"Indiana",08/28/2026,07:00 PM,"The Tecumseh Lynnville varsity football team has an away non-conference game @ North Posey Poseyville (Indiana) on Thursday, August 27 @ 7p.","/in/football/game/north-posey-poseyville-vs-tecumseh-lynnville/8-28-2026/?c=ea8fc3e0-79c5-4dc7-bf72-2ff6145c2a73","https://www.maxpreps.com/in/football/game/north-posey-poseyville-vs-tecumseh-lynnville/8-28-2026/?c=ea8fc3e0-79c5-4dc7-bf72-2ff6145c2a73"
66,"Caston Fulton vs North White Monon",Football,"Indiana",08/28/2026,07:00 PM,"The North White Monon varsity football team has an away non-conference game @ Caston Fulton (Indiana) on Thursday, August 27 @ 7p.","/in/football/game/caston-fulton-vs-north-white-monon/8-28-2026/?c=daad51fc-a9ff-45e7-bb9a-cd404a405ea6","https://www.maxpreps.com/in/football/game/caston-fulton-vs-north-white-monon/8-28-2026/?c=daad51fc-a9ff-45e7-bb9a-cd404a405ea6"
67,"Concord Elkhart vs Jimtown Elkhart",Football,"Indiana",08/28/2026,07:00 PM,"The Jimtown Elkhart varsity football team has an away non-conference game @ Concord Elkhart (Indiana) on Thursday, August 27 @ 7p.","/in/football/game/concord-elkhart-vs-jimtown-elkhart/8-28-2026/?c=b4055584-51a8-4978-b8da-5f306d7e33a9","https://www.maxpreps.com/in/football/game/concord-elkhart-vs-jimtown-elkhart/8-28-2026/?c=b4055584-51a8-4978-b8da-5f306d7e33a9"
68,"Covington vs Purdue Polytechnic Indianapolis",Football,"Indiana",08/28/2026,07:00 PM,"The Purdue Polytechnic Indianapolis varsity football team has an away non-conference game @ Covington (Indiana) on Thursday, August 27 @ 7p.","/in/football/game/covington-vs-purdue-polytechnic-indianapolis/8-28-2026/?c=c85047d0-ac64-49d4-b488-97f1e9bc757a","https://www.maxpreps.com/in/football/game/covington-vs-purdue-polytechnic-indianapolis/8-28-2026/?c=c85047d0-ac64-49d4-b488-97f1e9bc757a"
69,"Columbus East vs Columbus North",Football,"Indiana",08/28/2026,07:00 PM,"The Columbus North varsity football team has an away non-conference game @ Columbus East (Indiana) on Thursday, August 27 @ 7p.","/in/football/game/columbus-east-vs-columbus-north/8-28-2026/?c=22fbdd8d-b87c-4294-b438-7cc11ba1ca45","https://www.maxpreps.com/in/football/game/columbus-east-vs-columbus-north/8-28-2026/?c=22fbdd8d-b87c-4294-b438-7cc11ba1ca45"
70,"Park Tudor Indianapolis vs Tindley Indianapolis",Football,"Indiana",08/28/2026,07:00 PM,"The Tindley Indianapolis varsity football team has an away non-conference game @ Park Tudor Indianapolis (Indiana) on Thursday, August 27 @ 7p.","/in/football/game/park-tudor-indianapolis-vs-tindley-indianapolis/8-28-2026/?c=ea02ba74-46c3-46ac-a1cb-4461c378f984","https://www.maxpreps.com/in/football/game/park-tudor-indianapolis-vs-tindley-indianapolis/8-28-2026/?c=ea02ba74-46c3-46ac-a1cb-4461c378f984"
71,"Anderson vs Indianapolis Washington",Football,"Indiana",08/28/2026,07:00 PM,"The Indianapolis Washington varsity football team has an away non-conference game @ Anderson (Indiana) on Thursday, August 27 @ 7p.","/in/football/game/anderson-vs-indianapolis-washington/8-28-2026/?c=23465a21-b44a-4261-9371-a58e9a1b9d39","https://www.maxpreps.com/in/football/game/anderson-vs-indianapolis-washington/8-28-2026/?c=23465a21-b44a-4261-9371-a58e9a1b9d39"
72,"Jeffersonville vs Seymour",Football,"Indiana",08/28/2026,07:00 PM,"The Seymour varsity football team has an away non-conference game @ Jeffersonville (Indiana) on Thursday, August 27 @ 7p.","/in/football/game/jeffersonville-vs-seymour/8-28-2026/?c=80566f45-83f7-41ae-b6b4-da0321a6a951","https://www.maxpreps.com/in/football/game/jeffersonville-vs-seymour/8-28-2026/?c=80566f45-83f7-41ae-b6b4-da0321a6a951"
73,"Delta Muncie vs Heritage Monroeville",Football,"Indiana",08/28/2026,07:00 PM,"The Heritage Monroeville varsity football team has an away non-conference game @ Delta Muncie (Indiana) on Thursday, August 27 @ 7p.","/in/football/game/delta-muncie-vs-heritage-monroeville/8-28-2026/?c=dcde5e1f-1c3b-4cc9-9187-e9b49d9c35c7","https://www.maxpreps.com/in/football/game/delta-muncie-vs-heritage-monroeville/8-28-2026/?c=dcde5e1f-1c3b-4cc9-9187-e9b49d9c35c7"
74,"Fort Wayne South Side vs South Bend Saint Joseph",Football,"Indiana",08/28/2026,07:00 PM,"The South Bend Saint Joseph varsity football team has an away non-conference game @ Fort Wayne South Side (Indiana) on Thursday, August 27 @ 7p.","/in/football/game/fort-wayne-south-side-vs-south-bend-saint-joseph/8-28-2026/?c=b34f8e5d-32b0-4a12-86e6-9ae63a3e07b5","https://www.maxpreps.com/in/football/game/fort-wayne-south-side-vs-south-bend-saint-joseph/8-28-2026/?c=b34f8e5d-32b0-4a12-86e6-9ae63a3e07b5"
75,"Eastern Greentown vs Northwestern Kokomo",Football,"Indiana",08/28/2026,07:00 PM,"The Northwestern Kokomo varsity football team has an away non-conference game @ Eastern Greentown (Indiana) on Thursday, August 27 @ 7p.","/in/football/game/eastern-greentown-vs-northwestern-kokomo/8-28-2026/?c=03fc538c-e1b7-4a1e-9c4e-1c0e71339324","https://www.maxpreps.com/in/football/game/eastern-greentown-vs-northwestern-kokomo/8-28-2026/?c=03fc538c-e1b7-4a1e-9c4e-1c0e71339324"
76,"North Newton Morocco vs Rensselaer Central",Football,"Indiana",08/28/2026,07:00 PM,"The Rensselaer Central varsity football team has an away non-conference game @ North Newton Morocco (Indiana) on Thursday, August 27 @ 7p.","/in/football/game/north-newton-morocco-vs-rensselaer-central/8-28-2026/?c=d2eec64e-0745-4cec-b08f-6a14bf61f8a6","https://www.maxpreps.com/in/football/game/north-newton-morocco-vs-rensselaer-central/8-28-2026/?c=d2eec64e-0745-4cec-b08f-6a14bf61f8a6"
77,"Crimson Knights Indianapolis vs Phalen Leadership Academy Indianapolis",Football,"Indiana",08/28/2026,07:00 PM,"The Phalen Leadership Academy Indianapolis varsity football team has an away non-conference game @ Crimson Knights Indianapolis (Indiana) on Thursday, August 27 @ 7p.","/in/football/game/crimson-knights-indianapolis-vs-phalen-leadership-academy-indianapolis/8-28-2026/?c=0af571aa-bb72-43df-9090-57a70a0d0de5","https://www.maxpreps.com/in/football/game/crimson-knights-indianapolis-vs-phalen-leadership-academy-indianapolis/8-28-2026/?c=0af571aa-bb72-43df-9090-57a70a0d0de5"
78,"Culver Community vs West Central Francesville",Football,"Indiana",08/28/2026,07:00 PM,"The West Central Francesville varsity football team has an away non-conference game @ Culver Community (Indiana) on Thursday, August 27 @ 7p.","/in/football/game/culver-community-vs-west-central-francesville/8-28-2026/?c=817a5671-6bc0-4b76-be22-3123ec91cd46","https://www.maxpreps.com/in/football/game/culver-community-vs-west-central-francesville/8-28-2026/?c=817a5671-6bc0-4b76-be22-3123ec91cd46"
79,"Bremen vs Triton Bourbon",Football,"Indiana",08/28/2026,07:00 PM,"The Triton Bourbon varsity football team has an away non-conference game @ Bremen (Indiana) on Thursday, August 27 @ 7p.","/in/football/game/bremen-vs-triton-bourbon/8-28-2026/?c=951ba0ce-cfec-41e3-b993-828bdfd4e7a3","https://www.maxpreps.com/in/football/game/bremen-vs-triton-bourbon/8-28-2026/?c=951ba0ce-cfec-41e3-b993-828bdfd4e7a3"
80,"East Noble Kendallville vs Fort Wayne Snider",Football,"Indiana",08/28/2026,07:00 PM,"The Fort Wayne Snider varsity football team has an away non-conference game @ East Noble Kendallville (Indiana) on Thursday, August 27 @ 7p.","/in/football/game/east-noble-kendallville-vs-fort-wayne-snider/8-28-2026/?c=f15bfb19-a306-4229-99ca-3786b7577142","https://www.maxpreps.com/in/football/game/east-noble-kendallville-vs-fort-wayne-snider/8-28-2026/?c=f15bfb19-a306-4229-99ca-3786b7577142"
81,"Mitchell vs Springs Valley French Lick",Football,"Indiana",08/28/2026,07:00 PM,"The Springs Valley French Lick varsity football team has an away non-conference game @ Mitchell (Indiana) on Thursday, August 27 @ 7p.","/in/football/game/mitchell-vs-springs-valley-french-lick/8-28-2026/?c=f747c142-6b0a-4dbb-8a6b-ef28210bbdb6","https://www.maxpreps.com/in/football/game/mitchell-vs-springs-valley-french-lick/8-28-2026/?c=f747c142-6b0a-4dbb-8a6b-ef28210bbdb6"
82,"Blackford Hartford City vs Wes Del Gaston",Football,"Indiana",08/28/2026,07:00 PM,"The Wes Del Gaston varsity football team has an away non-conference game @ Blackford Hartford City (Indiana) on Thursday, August 27 @ 7p.","/in/football/game/blackford-hartford-city-vs-wes-del-gaston/8-28-2026/?c=0b539a10-8318-4256-9f94-3e3e48ff4583","https://www.maxpreps.com/in/football/game/blackford-hartford-city-vs-wes-del-gaston/8-28-2026/?c=0b539a10-8318-4256-9f94-3e3e48ff4583"
83,"Cascade Clayton vs Danville",Football,"Indiana",08/28/2026,07:00 PM,"The Danville varsity football team has an away non-conference game @ Cascade Clayton (Indiana) on Thursday, August 27 @ 7p.","/in/football/game/cascade-clayton-vs-danville/8-28-2026/?c=ce45fb8a-0ab9-4e1b-bbd9-61ebf77549c7","https://www.maxpreps.com/in/football/game/cascade-clayton-vs-danville/8-28-2026/?c=ce45fb8a-0ab9-4e1b-bbd9-61ebf77549c7"
84,"Logansport vs South Bend Adams",Football,"Indiana",08/28/2026,07:00 PM,"The South Bend Adams varsity football team has an away non-conference game @ Logansport (Indiana) on Thursday, August 27 @ 7p.","/in/football/game/logansport-vs-south-bend-adams/8-28-2026/?c=e0230efc-4be0-481a-980a-de550f600b1b","https://www.maxpreps.com/in/football/game/logansport-vs-south-bend-adams/8-28-2026/?c=e0230efc-4be0-481a-980a-de550f600b1b"
85,"Bellmont Decatur vs South Adams Berne",Football,"Indiana",08/28/2026,07:00 PM,"The South Adams Berne varsity football team has an away non-conference game @ Bellmont Decatur (Indiana) on Thursday, August 27 @ 7p.","/in/football/game/bellmont-decatur-vs-south-adams-berne/8-28-2026/?c=bb29a84f-5087-48bb-b9fe-f76e92dc0f5b","https://www.maxpreps.com/in/football/game/bellmont-decatur-vs-south-adams-berne/8-28-2026/?c=bb29a84f-5087-48bb-b9fe-f76e92dc0f5b"
86,"Perry Meridian Indianapolis vs Southport Indianapolis",Football,"Indiana",08/28/2026,07:00 PM,"The Southport Indianapolis varsity football team has an away non-conference game @ Perry Meridian Indianapolis (Indiana) on Thursday, August 27 @ 7p.","/in/football/game/perry-meridian-indianapolis-vs-southport-indianapolis/8-28-2026/?c=99bbffd2-258e-4c45-bcc1-5a6aac3eb2c7","https://www.maxpreps.com/in/football/game/perry-meridian-indianapolis-vs-southport-indianapolis/8-28-2026/?c=99bbffd2-258e-4c45-bcc1-5a6aac3eb2c7"
87,"Frankton vs Lapel",Football,"Indiana",08/28/2026,07:00 PM,"The Lapel varsity football team has an away non-conference game @ Frankton (Indiana) on Thursday, August 27 @ 7p.","/in/football/game/frankton-vs-lapel/8-28-2026/?c=0b40b6b8-cf8e-40bb-8cc5-7440588ff4ba","https://www.maxpreps.com/in/football/game/frankton-vs-lapel/8-28-2026/?c=0b40b6b8-cf8e-40bb-8cc5-7440588ff4ba"
88,"Frontier Chalmers vs Winamac",Football,"Indiana",08/28/2026,07:00 PM,"The Winamac varsity football team has an away non-conference game @ Frontier Chalmers (Indiana) on Thursday, August 27 @ 7p.","/in/football/game/frontier-chalmers-vs-winamac/8-28-2026/?c=caaf0476-ce79-4666-9a18-ac10e4928627","https://www.maxpreps.com/in/football/game/frontier-chalmers-vs-winamac/8-28-2026/?c=caaf0476-ce79-4666-9a18-ac10e4928627"
89,"Bluffton vs Churubusco",Football,"Indiana",08/28/2026,07:00 PM,"The Churubusco varsity football team has an away non-conference game @ Bluffton (Indiana) on Thursday, August 27 @ 7p.","/in/football/game/bluffton-vs-churubusco/8-28-2026/?c=4914d356-6ef9-4105-abd2-2f6a037acac4","https://www.maxpreps.com/in/football/game/bluffton-vs-churubusco/8-28-2026/?c=4914d356-6ef9-4105-abd2-2f6a037acac4"
90,"Greenfield Central vs Lawrenceburg",Football,"Indiana",08/28/2026,07:00 PM,"The Lawrenceburg varsity football team has an away non-conference game @ Greenfield Central (Indiana) on Thursday, August 27 @ 7p.","/in/football/game/greenfield-central-vs-lawrenceburg/8-28-2026/?c=415e979a-ee3d-4fa2-ae5e-83d3f9bb9947","https://www.maxpreps.com/in/football/game/greenfield-central-vs-lawrenceburg/8-28-2026/?c=415e979a-ee3d-4fa2-ae5e-83d3f9bb9947"
91,"Beech Grove vs Edgewood Ellettsville",Football,"Indiana",08/28/2026,07:00 PM,"The Edgewood Ellettsville varsity football team has an away non-conference game @ Beech Grove (Indiana) on Thursday, August 27 @ 7p.","/in/football/game/beech-grove-vs-edgewood-ellettsville/8-28-2026/?c=d6da2c15-25a8-40bf-9227-05e4d4543177","https://www.maxpreps.com/in/football/game/beech-grove-vs-edgewood-ellettsville/8-28-2026/?c=d6da2c15-25a8-40bf-9227-05e4d4543177"
92,"Knightstown vs Winchester Community",Football,"Indiana",08/28/2026,07:00 PM,"The Winchester Community varsity football team has an away non-conference game @ Knightstown (Indiana) on Thursday, August 27 @ 7p.","/in/football/game/knightstown-vs-winchester-community/8-28-2026/?c=cfc5735f-7e05-4dbf-972b-74c2ee94bc25","https://www.maxpreps.com/in/football/game/knightstown-vs-winchester-community/8-28-2026/?c=cfc5735f-7e05-4dbf-972b-74c2ee94bc25"
93,"Attica vs Tri County Wolcott",Football,"Indiana",08/28/2026,07:00 PM,"The Tri County Wolcott varsity football team has an away non-conference game @ Attica (Indiana) on Thursday, August 27 @ 7p.","/in/football/game/attica-vs-tri-county-wolcott/8-28-2026/?c=fa930116-ad3f-418f-a255-b5b0e653781f","https://www.maxpreps.com/in/football/game/attica-vs-tri-county-wolcott/8-28-2026/?c=fa930116-ad3f-418f-a255-b5b0e653781f"
94,"Central Noble Albion vs Woodlan Woodburn",Football,"Indiana",08/28/2026,07:00 PM,"The Woodlan Woodburn varsity football team has an away non-conference game @ Central Noble Albion (Indiana) on Thursday, August 27 @ 7p.","/in/football/game/central-noble-albion-vs-woodlan-woodburn/8-28-2026/?c=77814869-b2ee-4e57-98e1-dbad2fdc723a","https://www.maxpreps.com/in/football/game/central-noble-albion-vs-woodlan-woodburn/8-28-2026/?c=77814869-b2ee-4e57-98e1-dbad2fdc723a"
95,"Eastern Hancock Charlottesville vs North Decatur Greensburg",Football,"Indiana",08/28/2026,07:00 PM,"The North Decatur Greensburg varsity football team has an away non-conference game @ Eastern Hancock Charlottesville (Indiana) on Thursday, August 27 @ 7p.","/in/football/game/eastern-hancock-charlottesville-vs-north-decatur-greensburg/8-28-2026/?c=7019e602-9cf0-44e6-bdfb-2933b62527a2","https://www.maxpreps.com/in/football/game/eastern-hancock-charlottesville-vs-north-decatur-greensburg/8-28-2026/?c=7019e602-9cf0-44e6-bdfb-2933b62527a2"
96,"Clarksville vs Eastern Pekin",Football,"Indiana",08/28/2026,07:00 PM,"The Eastern Pekin varsity football team has an away non-conference game @ Clarksville (Indiana) on Thursday, August 27 @ 7p.","/in/football/game/clarksville-vs-eastern-pekin/8-28-2026/?c=729a1447-6075-492c-a9cc-633813d54f41","https://www.maxpreps.com/in/football/game/clarksville-vs-eastern-pekin/8-28-2026/?c=729a1447-6075-492c-a9cc-633813d54f41"
97,"Boone Grove Valparaiso vs South Central Union Mills",Football,"Indiana",08/28/2026,07:00 PM,"The South Central Union Mills varsity football team has an away non-conference game @ Boone Grove Valparaiso (Indiana) on Thursday, August 27 @ 7p.","/in/football/game/boone-grove-valparaiso-vs-south-central-union-mills/8-28-2026/?c=6354221a-3f4d-40c4-afb6-87cf01465f16","https://www.maxpreps.com/in/football/game/boone-grove-valparaiso-vs-south-central-union-mills/8-28-2026/?c=6354221a-3f4d-40c4-afb6-87cf01465f16"
98,"Highland vs Whiting",Football,"Indiana",08/28/2026,07:00 PM,"The Whiting varsity football team has an away non-conference game @ Highland (Indiana) on Thursday, August 27 @ 7p.","/in/football/game/highland-vs-whiting/8-28-2026/?c=5021db3a-3fef-4a83-b540-1f40cf3f3fc3","https://www.maxpreps.com/in/football/game/highland-vs-whiting/8-28-2026/?c=5021db3a-3fef-4a83-b540-1f40cf3f3fc3"
99,"Lewis Cass Walton vs Northfield Wabash",Football,"Indiana",08/28/2026,07:00 PM,"The Northfield Wabash varsity football team has an away non-conference game @ Lewis Cass Walton (Indiana) on Thursday, August 27 @ 7p.","/in/football/game/lewis-cass-walton-vs-northfield-wabash/8-28-2026/?c=7021140c-cee0-4ca5-873e-6f2dd0614203","https://www.maxpreps.com/in/football/game/lewis-cass-walton-vs-northfield-wabash/8-28-2026/?c=7021140c-cee0-4ca5-873e-6f2dd0614203"
100,"Adams Central Monroe vs Eastside Butler",Football,"Indiana",08/28/2026,07:00 PM,"The Eastside Butler varsity football team has an away non-conference game @ Adams Central Monroe (Indiana) on Thursday, August 27 @ 7p.","/in/football/game/adams-central-monroe-vs-eastside-butler/8-28-2026/?c=07e5fc2f-9624-4b5e-b8a5-6899f89aac0b","https://www.maxpreps.com/in/football/game/adams-central-monroe-vs-eastside-butler/8-28-2026/?c=07e5fc2f-9624-4b5e-b8a5-6899f89aac0b"
101,"Bedford North Lawrence vs Bloomington North",Football,"Indiana",08/28/2026,07:00 PM,"The Bloomington North varsity football team has an away non-conference game @ Bedford North Lawrence (Indiana) on Thursday, August 27 @ 7p.","/in/football/game/bedford-north-lawrence-vs-bloomington-north/8-28-2026/?c=61a439e8-9018-4f46-9b48-902b909550c9","https://www.maxpreps.com/in/football/game/bedford-north-lawrence-vs-bloomington-north/8-28-2026/?c=61a439e8-9018-4f46-9b48-902b909550c9"
102,"Garrett vs Huntington North",Football,"Indiana",08/28/2026,07:00 PM,"The Huntington North varsity football team has an away non-conference game @ Garrett (Indiana) on Thursday, August 27 @ 7p.","/in/football/game/garrett-vs-huntington-north/8-28-2026/?c=a369550b-65b9-4ca4-917f-3b5c2e0ed124","https://www.maxpreps.com/in/football/game/garrett-vs-huntington-north/8-28-2026/?c=a369550b-65b9-4ca4-917f-3b5c2e0ed124"
103,"Indianapolis Lutheran vs New Albany",Football,"Indiana",08/28/2026,07:00 PM,"The New Albany varsity football team has an away non-conference game @ Indianapolis Lutheran (Indiana) on Thursday, August 27 @ 7p.","/in/football/game/indianapolis-lutheran-vs-new-albany/8-28-2026/?c=24973a92-4f27-46c7-a819-f164fe903018","https://www.maxpreps.com/in/football/game/indianapolis-lutheran-vs-new-albany/8-28-2026/?c=24973a92-4f27-46c7-a819-f164fe903018"
104,"Fort Wayne Blackhawk Christian vs Southern Wells Poneto",Football,"Indiana",08/28/2026,07:00 PM,"The Southern Wells Poneto varsity football team has an away non-conference game @ Fort Wayne Blackhawk Christian (Indiana) on Thursday, August 27 @ 7p.","/in/football/game/fort-wayne-blackhawk-christian-vs-southern-wells-poneto/8-28-2026/?c=3b13240e-7bbc-450e-8159-eade9165d310","https://www.maxpreps.com/in/football/game/fort-wayne-blackhawk-christian-vs-southern-wells-poneto/8-28-2026/?c=3b13240e-7bbc-450e-8159-eade9165d310"
105,"Muncie Central vs Yorktown",Football,"Indiana",08/28/2026,07:00 PM,"The Yorktown varsity football team has an away non-conference game @ Muncie Central (Indiana) on Thursday, August 27 @ 7p.","/in/football/game/muncie-central-vs-yorktown/8-28-2026/?c=183dd11b-d14d-4032-ad98-6be56aad06f1","https://www.maxpreps.com/in/football/game/muncie-central-vs-yorktown/8-28-2026/?c=183dd11b-d14d-4032-ad98-6be56aad06f1"
106,"Parke Heritage Rockville vs West Vigo West Terre Haute",Football,"Indiana",08/28/2026,07:00 PM,"The West Vigo West Terre Haute varsity football team has an away non-conference game @ Parke Heritage Rockville (Indiana) on Thursday, August 27 @ 7p.","/in/football/game/parke-heritage-rockville-vs-west-vigo-west-terre-haute/8-28-2026/?c=b923af02-a002-45fd-b96a-0e36c4f19c6d","https://www.maxpreps.com/in/football/game/parke-heritage-rockville-vs-west-vigo-west-terre-haute/8-28-2026/?c=b923af02-a002-45fd-b96a-0e36c4f19c6d"
107,"Lakeland Lagrange vs Plymouth Pilgrims Rockies",Football,"Indiana",08/28/2026,07:00 PM,"The Plymouth Pilgrims Rockies varsity football team has an away non-conference game @ Lakeland Lagrange (Indiana) on Thursday, August 27 @ 7p.","/in/football/game/lakeland-lagrange-vs-plymouth-pilgrims-rockies/8-28-2026/?c=7e220ad6-3f50-4d61-918b-af080060252f","https://www.maxpreps.com/in/football/game/lakeland-lagrange-vs-plymouth-pilgrims-rockies/8-28-2026/?c=7e220ad6-3f50-4d61-918b-af080060252f"
108,"Calumet New Tech Gary vs River Forest Hobart",Football,"Indiana",08/28/2026,07:00 PM,"The River Forest Hobart varsity football team has an away non-conference game @ Calumet New Tech Gary (Indiana) on Thursday, August 27 @ 7p.","/in/football/game/calumet-new-tech-gary-vs-river-forest-hobart/8-28-2026/?c=8c542571-0d0d-47f8-8299-f7ee8dc1135f","https://www.maxpreps.com/in/football/game/calumet-new-tech-gary-vs-river-forest-hobart/8-28-2026/?c=8c542571-0d0d-47f8-8299-f7ee8dc1135f"
109,"Decatur Central Indianapolis vs Fort Wayne Wayne",Football,"Indiana",08/28/2026,07:00 PM,"The Fort Wayne Wayne varsity football team has an away non-conference game @ Decatur Central Indianapolis (Indiana) on Thursday, August 27 @ 7p.","/in/football/game/decatur-central-indianapolis-vs-fort-wayne-wayne/8-28-2026/?c=0f5817b5-ec39-497a-a115-99f6376b29d2","https://www.maxpreps.com/in/football/game/decatur-central-indianapolis-vs-fort-wayne-wayne/8-28-2026/?c=0f5817b5-ec39-497a-a115-99f6376b29d2"
110,"Greencastle vs South Putnam Greencastle",Football,"Indiana",08/28/2026,07:00 PM,"The South Putnam Greencastle varsity football team has an away non-conference game @ Greencastle (Indiana) on Thursday, August 27 @ 7p.","/in/football/game/greencastle-vs-south-putnam-greencastle/8-28-2026/?c=c6af5744-275f-4092-ae6c-cb41d620f8eb","https://www.maxpreps.com/in/football/game/greencastle-vs-south-putnam-greencastle/8-28-2026/?c=c6af5744-275f-4092-ae6c-cb41d620f8eb"
111,"Brebeuf Jesuit Preparatory Indianapolis vs Mt Vernon Fortville",Football,"Indiana",08/28/2026,07:00 PM,"The Mt Vernon Fortville varsity football team has an away non-conference game @ Brebeuf Jesuit Preparatory Indianapolis (Indiana) on Thursday, August 27 @ 7p.","/in/football/game/brebeuf-jesuit-preparatory-indianapolis-vs-mt-vernon-fortville/8-28-2026/?c=b33725f0-fae8-4034-afee-ad5d0ab81072","https://www.maxpreps.com/in/football/game/brebeuf-jesuit-preparatory-indianapolis-vs-mt-vernon-fortville/8-28-2026/?c=b33725f0-fae8-4034-afee-ad5d0ab81072"
112,"South Vermillion Clinton vs Sullivan",Football,"Indiana",08/28/2026,07:00 PM,"The Sullivan varsity football team has an away non-conference game @ South Vermillion Clinton (Indiana) on Thursday, August 27 @ 7p.","/in/football/game/south-vermillion-clinton-vs-sullivan/8-28-2026/?c=a79452d8-51cc-4dd6-a4e1-2a2287612534","https://www.maxpreps.com/in/football/game/south-vermillion-clinton-vs-sullivan/8-28-2026/?c=a79452d8-51cc-4dd6-a4e1-2a2287612534"
113,"Peru Bengal Tigers vs Whitko South Whitley",Football,"Indiana",08/28/2026,07:00 PM,"The Whitko South Whitley varsity football team has an away non-conference game @ Peru Bengal Tigers (Indiana) on Thursday, August 27 @ 7p.","/in/football/game/peru-bengal-tigers-vs-whitko-south-whitley/8-28-2026/?c=90bc683d-c426-43e4-8ea0-64cdd7b7d2d8","https://www.maxpreps.com/in/football/game/peru-bengal-tigers-vs-whitko-south-whitley/8-28-2026/?c=90bc683d-c426-43e4-8ea0-64cdd7b7d2d8"
114,"Owen Valley Spencer vs Southmont Crawfordsville",Football,"Indiana",08/28/2026,07:00 PM,"The Southmont Crawfordsville varsity football team has an away non-conference game @ Owen Valley Spencer (Indiana) on Thursday, August 27 @ 7p.","/in/football/game/owen-valley-spencer-vs-southmont-crawfordsville/8-28-2026/?c=22ac6dd3-33c6-450a-ba76-92062c2df3db","https://www.maxpreps.com/in/football/game/owen-valley-spencer-vs-southmont-crawfordsville/8-28-2026/?c=22ac6dd3-33c6-450a-ba76-92062c2df3db"
115,"Centerville vs Hagerstown",Football,"Indiana",08/28/2026,07:00 PM,"The Hagerstown varsity football team has an away non-conference game @ Centerville (Indiana) on Thursday, August 27 @ 7p.","/in/football/game/centerville-vs-hagerstown/8-28-2026/?c=e9671c6a-f4b1-4d2d-ae61-6d2a2e06d73e","https://www.maxpreps.com/in/football/game/centerville-vs-hagerstown/8-28-2026/?c=e9671c6a-f4b1-4d2d-ae61-6d2a2e06d73e"
116,"Clinton Prairie Frankfort vs Frankfort",Football,"Indiana",08/28/2026,07:00 PM,"The Frankfort varsity football team has an away non-conference game @ Clinton Prairie Frankfort (Indiana) on Thursday, August 27 @ 7p.","/in/football/game/clinton-prairie-frankfort-vs-frankfort/8-28-2026/?c=39847a8b-4d2c-47c6-9ab6-3b76fc9e6064","https://www.maxpreps.com/in/football/game/clinton-prairie-frankfort-vs-frankfort/8-28-2026/?c=39847a8b-4d2c-47c6-9ab6-3b76fc9e6064"
117,"Franklin Central Indianapolis vs Roncalli Indianapolis",Football,"Indiana",08/28/2026,07:00 PM,"The Roncalli Indianapolis varsity football team has an away non-conference game @ Franklin Central Indianapolis (Indiana) on Thursday, August 27 @ 7p.","/in/football/game/franklin-central-indianapolis-vs-roncalli-indianapolis/8-28-2026/?c=91f06a46-93d1-44a1-9a31-b6e14b47c03f","https://www.maxpreps.com/in/football/game/franklin-central-indianapolis-vs-roncalli-indianapolis/8-28-2026/?c=91f06a46-93d1-44a1-9a31-b6e14b47c03f"
118,"Norwell Ossian vs Oak Hill Converse",Football,"Indiana",08/28/2026,07:00 PM,"The Oak Hill Converse varsity football team has an away non-conference game @ Norwell Ossian (Indiana) on Thursday, August 27 @ 7p.","/in/football/game/norwell-ossian-vs-oak-hill-converse/8-28-2026/?c=2941c9aa-19b4-47f1-b6a8-fcbadf0fed09","https://www.maxpreps.com/in/football/game/norwell-ossian-vs-oak-hill-converse/8-28-2026/?c=2941c9aa-19b4-47f1-b6a8-fcbadf0fed09"
119,"Kankakee Valley Wheatfield vs Wheeler Valparaiso",Football,"Indiana",08/28/2026,07:00 PM,"The Wheeler Valparaiso varsity football team has an away non-conference game @ Kankakee Valley Wheatfield (Indiana) on Thursday, August 27 @ 7p.","/in/football/game/kankakee-valley-wheatfield-vs-wheeler-valparaiso/8-28-2026/?c=a729bbad-c6f2-4b57-bbcf-6083fdfd121c","https://www.maxpreps.com/in/football/game/kankakee-valley-wheatfield-vs-wheeler-valparaiso/8-28-2026/?c=a729bbad-c6f2-4b57-bbcf-6083fdfd121c"
120,"Brownstown Central vs Charlestown",Football,"Indiana",08/28/2026,07:00 PM,"The Charlestown varsity football team has an away non-conference game @ Brownstown Central (Indiana) on Thursday, August 27 @ 7p.","/in/football/game/brownstown-central-vs-charlestown/8-28-2026/?c=ed505351-bccb-4fc3-8b2e-370e374b89b3","https://www.maxpreps.com/in/football/game/brownstown-central-vs-charlestown/8-28-2026/?c=ed505351-bccb-4fc3-8b2e-370e374b89b3"
121,"Fremont vs Osceola Grace Eagles",Football,"Indiana",08/28/2026,07:00 PM,"The Osceola Grace Eagles varsity football team has an away non-conference game @ Fremont (Indiana) on Thursday, August 27 @ 7p.","/in/football/game/fremont-vs-osceola-grace-eagles/8-28-2026/?c=cf8af0ed-ff9a-44d5-aa4c-65575455d10a","https://www.maxpreps.com/in/football/game/fremont-vs-osceola-grace-eagles/8-28-2026/?c=cf8af0ed-ff9a-44d5-aa4c-65575455d10a"
122,"Northview Brazil vs Vincennes Lincoln",Football,"Indiana",08/28/2026,07:00 PM,"The Vincennes Lincoln varsity football team has an away non-conference game @ Northview Brazil (Indiana) on Thursday, August 27 @ 7p.","/in/football/game/northview-brazil-vs-vincennes-lincoln/8-28-2026/?c=da55946d-f5e5-404f-8955-6e4483475fa4","https://www.maxpreps.com/in/football/game/northview-brazil-vs-vincennes-lincoln/8-28-2026/?c=da55946d-f5e5-404f-8955-6e4483475fa4"
123,"Indianapolis Scecina Memorial vs Triton Central Fairland",Football,"Indiana",08/28/2026,07:00 PM,"The Triton Central Fairland varsity football team has an away non-conference game @ Indianapolis Scecina Memorial (Indiana) on Thursday, August 27 @ 7p.","/in/football/game/indianapolis-scecina-memorial-vs-triton-central-fairland/8-28-2026/?c=77860ebf-8991-4b01-ad26-49e9a8b7b7ad","https://www.maxpreps.com/in/football/game/indianapolis-scecina-memorial-vs-triton-central-fairland/8-28-2026/?c=77860ebf-8991-4b01-ad26-49e9a8b7b7ad"
124,"Chesterton vs Hammond Morton",Football,"Indiana",08/28/2026,07:00 PM,"The Hammond Morton varsity football team has an away non-conference game @ Chesterton (Indiana) on Thursday, August 27 @ 7p.","/in/football/game/chesterton-vs-hammond-morton/8-28-2026/?c=b0beb7f0-11a1-4713-bd57-4b338828c068","https://www.maxpreps.com/in/football/game/chesterton-vs-hammond-morton/8-28-2026/?c=b0beb7f0-11a1-4713-bd57-4b338828c068"
125,"Delphi Community vs Twin Lakes Monticello",Football,"Indiana",08/28/2026,07:00 PM,"The Twin Lakes Monticello varsity football team has an away non-conference game @ Delphi Community (Indiana) on Thursday, August 27 @ 7p.","/in/football/game/delphi-community-vs-twin-lakes-monticello/8-28-2026/?c=749242f4-e65e-4cf6-b6cd-e8f14b1f13df","https://www.maxpreps.com/in/football/game/delphi-community-vs-twin-lakes-monticello/8-28-2026/?c=749242f4-e65e-4cf6-b6cd-e8f14b1f13df"
126,"Floyd Central Floyds Knobs vs Whiteland",Football,"Indiana",08/28/2026,07:00 PM,"The Whiteland varsity football team has an away non-conference game @ Floyd Central Floyds Knobs (Indiana) on Thursday, August 27 @ 7p.","/in/football/game/floyd-central-floyds-knobs-vs-whiteland/8-28-2026/?c=a495e17e-775e-4d1e-91da-48db421f28eb","https://www.maxpreps.com/in/football/game/floyd-central-floyds-knobs-vs-whiteland/8-28-2026/?c=a495e17e-775e-4d1e-91da-48db421f28eb"
127,"Christel House Indianapolis vs Edinburgh",Football,"Indiana",08/28/2026,07:00 PM,"The Edinburgh varsity football team has an away non-conference game @ Christel House Indianapolis (Indiana) on Thursday, August 27 @ 7p.","/in/football/game/christel-house-indianapolis-vs-edinburgh/8-28-2026/?c=cf1c223c-4a9c-4d51-8af6-22323c8244b6","https://www.maxpreps.com/in/football/game/christel-house-indianapolis-vs-edinburgh/8-28-2026/?c=cf1c223c-4a9c-4d51-8af6-22323c8244b6"
128,"Linton Stockton vs Monrovia",Football,"Indiana",08/28/2026,07:00 PM,"The Monrovia varsity football team has an away non-conference game @ Linton Stockton (Indiana) on Thursday, August 27 @ 7p.","/in/football/game/linton-stockton-vs-monrovia/8-28-2026/?c=65d334bf-192d-4aa6-b659-0fe93368c067","https://www.maxpreps.com/in/football/game/linton-stockton-vs-monrovia/8-28-2026/?c=65d334bf-192d-4aa6-b659-0fe93368c067"
129,"Cloverdale vs North Putnam Roachdale",Football,"Indiana",08/28/2026,07:00 PM,"The North Putnam Roachdale varsity football team has an away non-conference game @ Cloverdale (Indiana) on Thursday, August 27 @ 7p.","/in/football/game/cloverdale-vs-north-putnam-roachdale/8-28-2026/?c=c95c7e7e-1726-4b9c-9ed5-d46696b735c7","https://www.maxpreps.com/in/football/game/cloverdale-vs-north-putnam-roachdale/8-28-2026/?c=c95c7e7e-1726-4b9c-9ed5-d46696b735c7"
130,"North Central Farmersburg vs North Daviess Elnora",Football,"Indiana",08/28/2026,07:00 PM,"The North Daviess Elnora varsity football team has an away non-conference game @ North Central Farmersburg (Indiana) on Thursday, August 27 @ 7p.","/in/football/game/north-central-farmersburg-vs-north-daviess-elnora/8-28-2026/?c=8f0b8b2f-7964-41f3-986b-6e675b8793ef","https://www.maxpreps.com/in/football/game/north-central-farmersburg-vs-north-daviess-elnora/8-28-2026/?c=8f0b8b2f-7964-41f3-986b-6e675b8793ef"
131,"Indianapolis Arsenal Technical vs Speedway",Football,"Indiana",08/28/2026,07:00 PM,"The Speedway varsity football team has an away non-conference game @ Indianapolis Arsenal Technical (Indiana) on Thursday, August 27 @ 7p.","/in/football/game/indianapolis-arsenal-technical-vs-speedway/8-28-2026/?c=e846b448-75ef-493d-a17f-c5bd4c980b0c","https://www.maxpreps.com/in/football/game/indianapolis-arsenal-technical-vs-speedway/8-28-2026/?c=e846b448-75ef-493d-a17f-c5bd4c980b0c"
132,"Indianapolis Bishop Chatard vs Leo",Football,"Indiana",08/28/2026,07:00 PM,"The Leo varsity football team has an away non-conference game @ Indianapolis Bishop Chatard (Indiana) on Thursday, August 27 @ 7p.","/in/football/game/indianapolis-bishop-chatard-vs-leo/8-28-2026/?c=629d7341-c9ac-4545-a6d4-7353a9edca12","https://www.maxpreps.com/in/football/game/indianapolis-bishop-chatard-vs-leo/8-28-2026/?c=629d7341-c9ac-4545-a6d4-7353a9edca12"
133,"Forest Park Ferdinand vs Perry Central Leopold",Football,"Indiana",08/28/2026,07:00 PM,"The Perry Central Leopold varsity football team has an away non-conference game @ Forest Park Ferdinand (Indiana) on Thursday, August 27 @ 7p.","/in/football/game/forest-park-ferdinand-vs-perry-central-leopold/8-28-2026/?c=6fcf17f1-cee4-44d5-8bf3-0a3eefeddea0","https://www.maxpreps.com/in/football/game/forest-park-ferdinand-vs-perry-central-leopold/8-28-2026/?c=6fcf17f1-cee4-44d5-8bf3-0a3eefeddea0"
134,"Homestead Fort Wayne vs Noblesville",Football,"Indiana",08/28/2026,07:00 PM,"The Noblesville varsity football team has an away non-conference game @ Homestead Fort Wayne (Indiana) on Thursday, August 27 @ 7p.","/in/football/game/homestead-fort-wayne-vs-noblesville/8-28-2026/?c=98aa3dd3-7a47-4ed6-88d5-eb36ef521043","https://www.maxpreps.com/in/football/game/homestead-fort-wayne-vs-noblesville/8-28-2026/?c=98aa3dd3-7a47-4ed6-88d5-eb36ef521043"
135,"Evansville Harrison vs Jasper",Football,"Indiana",08/28/2026,07:00 PM,"The Jasper varsity football team has an away non-conference game @ Evansville Harrison (Indiana) on Thursday, August 27 @ 7p.","/in/football/game/evansville-harrison-vs-jasper/8-28-2026/?c=acdb16f9-4afb-4a54-b57f-bac5edbcce1d","https://www.maxpreps.com/in/football/game/evansville-harrison-vs-jasper/8-28-2026/?c=acdb16f9-4afb-4a54-b57f-bac5edbcce1d"
136,"Laville Lakeville vs North Judson San Pierre",Football,"Indiana",08/28/2026,07:00 PM,"The North Judson San Pierre varsity football team has an away non-conference game @ Laville Lakeville (Indiana) on Thursday, August 27 @ 7p.","/in/football/game/laville-lakeville-vs-north-judson-san-pierre/8-28-2026/?c=01372a41-5947-470a-bf48-7df91f4d4b8c","https://www.maxpreps.com/in/football/game/laville-lakeville-vs-north-judson-san-pierre/8-28-2026/?c=01372a41-5947-470a-bf48-7df91f4d4b8c"
137,"Harrison West Lafayette vs Plainfield",Football,"Indiana",08/28/2026,07:00 PM,"The Plainfield varsity football team has an away non-conference game @ Harrison West Lafayette (Indiana) on Thursday, August 27 @ 7p.","/in/football/game/harrison-west-lafayette-vs-plainfield/8-28-2026/?c=9b97b460-e036-4ad5-91bc-15fad590a344","https://www.maxpreps.com/in/football/game/harrison-west-lafayette-vs-plainfield/8-28-2026/?c=9b97b460-e036-4ad5-91bc-15fad590a344"
138,"Elkhart vs Warren Central Indianapolis",Football,"Indiana",08/28/2026,07:00 PM,"The Warren Central Indianapolis varsity football team has an away non-conference game @ Elkhart (Indiana) on Thursday, August 27 @ 7p.","/in/football/game/elkhart-vs-warren-central-indianapolis/8-28-2026/?c=2e8f7d3c-a80d-4405-8f1a-b1cc4885e77a","https://www.maxpreps.com/in/football/game/elkhart-vs-warren-central-indianapolis/8-28-2026/?c=2e8f7d3c-a80d-4405-8f1a-b1cc4885e77a"
139,"Tell City vs West Washington Campbellsburg",Football,"Indiana",08/28/2026,07:00 PM,"The West Washington Campbellsburg varsity football team has an away non-conference game @ Tell City (Indiana) on Thursday, August 27 @ 7p.","/in/football/game/tell-city-vs-west-washington-campbellsburg/8-28-2026/?c=d1e3231d-40b4-4632-863a-9138caad3ece","https://www.maxpreps.com/in/football/game/tell-city-vs-west-washington-campbellsburg/8-28-2026/?c=d1e3231d-40b4-4632-863a-9138caad3ece"
140,"Lawrence Central Indianapolis vs Zionsville",Football,"Indiana",08/28/2026,07:00 PM,"The Zionsville varsity football team has an away non-conference game @ Lawrence Central Indianapolis (Indiana) on Thursday, August 27 @ 7p.","/in/football/game/lawrence-central-indianapolis-vs-zionsville/8-28-2026/?c=61dbd597-8164-4d57-b88e-053e28e93e51","https://www.maxpreps.com/in/football/game/lawrence-central-indianapolis-vs-zionsville/8-28-2026/?c=61dbd597-8164-4d57-b88e-053e28e93e51"
141,"Carroll Fort Wayne vs Center Grove Greenwood",Football,"Indiana",08/28/2026,07:00 PM,"The Center Grove Greenwood varsity football team has an away non-conference game @ Carroll Fort Wayne (Indiana) on Thursday, August 27 @ 7p.","/in/football/game/carroll-fort-wayne-vs-center-grove-greenwood/8-28-2026/?c=5c23c03b-bf9c-4d1c-8e41-56558b5d9960","https://www.maxpreps.com/in/football/game/carroll-fort-wayne-vs-center-grove-greenwood/8-28-2026/?c=5c23c03b-bf9c-4d1c-8e41-56558b5d9960"
142,"South Bend Riley vs Valparaiso",Football,"Indiana",08/28/2026,07:00 PM,"The Valparaiso varsity football team has an away non-conference game @ South Bend Riley (Indiana) on Thursday, August 27 @ 7p.","/in/football/game/south-bend-riley-vs-valparaiso/8-28-2026/?c=cc4e686d-b37a-49c0-abac-e7a1a7058b3d","https://www.maxpreps.com/in/football/game/south-bend-riley-vs-valparaiso/8-28-2026/?c=cc4e686d-b37a-49c0-abac-e7a1a7058b3d"
143,"Andrean Merrillville vs Fort Wayne Bishop Luers",Football,"Indiana",08/28/2026,07:00 PM,"The Fort Wayne Bishop Luers varsity football team has an away non-conference game @ Andrean Merrillville (Indiana) on Thursday, August 27 @ 7p.","/in/football/game/andrean-merrillville-vs-fort-wayne-bishop-luers/8-28-2026/?c=3a6ac18a-9429-4ade-81ba-d878436e127f","https://www.maxpreps.com/in/football/game/andrean-merrillville-vs-fort-wayne-bishop-luers/8-28-2026/?c=3a6ac18a-9429-4ade-81ba-d878436e127f"
144,"Pike Central Petersburg vs Princeton",Football,"Indiana",08/28/2026,07:00 PM,"The Princeton varsity football team has an away non-conference game @ Pike Central Petersburg (Indiana) on Thursday, August 27 @ 7p.","/in/football/game/pike-central-petersburg-vs-princeton/8-28-2026/?c=4ca14cd7-2c68-4e41-92cd-6d7876d19a3d","https://www.maxpreps.com/in/football/game/pike-central-petersburg-vs-princeton/8-28-2026/?c=4ca14cd7-2c68-4e41-92cd-6d7876d19a3d"
